2393422607582,0x753E106C075Ac572ec064B90bCd09dCcb6f8890c
5506302324188,0x36df9cee41643b25B5908CCA5B787Fa9d52E7e0e
3550562495463,0x36df9cee41643b25B5908CCA5B787Fa9d52E7e0e
7875289714631,0x36df9cee41643b25B5908CCA5B787Fa9d52E7e0e
3397647830706,0x30c7d5fA3f04A2C8643942D47689461fA5740dcc
5197849935595,0x30c7d5fA3f04A2C8643942D47689461fA5740dcc
3933454857491,0x30c7d5fA3f04A2C8643942D47689461fA5740dcc
2421651553715,0xa7AaE9B4bE6777fd3273C1e7F70dDB844fA847e6
5819492725448,0xa7AaE9B4bE6777fd3273C1e7F70dDB844fA847e6
3120759818113,0xa7AaE9B4bE6777fd3273C1e7F70dDB844fA847e6
6768906377236,0xa7AaE9B4bE6777fd3273C1e7F70dDB844fA847e6
8220891328645,0xa7AaE9B4bE6777fd3273C1e7F70dDB844fA847e6
1663194974051,0xa7AaE9B4bE6777fd3273C1e7F70dDB844fA847e6
4010172506167,0xF0bB1f6868b6798911BD45D4465E1e56708fEdbf
9214342060753,0xF0bB1f6868b6798911BD45D4465E1e56708fEdbf
5243724259340,0xb1CF31F7f5C544dBaaef69E54d2279D0442Acfb0
8776503929090,0xb1CF31F7f5C544dBaaef69E54d2279D0442Acfb0
7154016175999,0xDC48518902b4B2C01711931467Fd30af9483FD2d
1839981131970,0xDC48518902b4B2C01711931467Fd30af9483FD2d
6160428379185,0xDC48518902b4B2C01711931467Fd30af9483FD2d
2929387070859,0xc2Eef30ba177c3c7550083E884cCB6e5c9020eB5
4274039868630,0x0ae8bc148815DBA25Cb63Ab8F437AE1Ae04801a7
1691302390139,0x0f60600C2Dcf1e87b2eca308ff9936F5CDC6c086
2991225449174,0x0f60600C2Dcf1e87b2eca308ff9936F5CDC6c086
4837979504325,0x0f60600C2Dcf1e87b2eca308ff9936F5CDC6c086
5886214174834,0xb77F976ADC2F367a75b285f9E3F6E21e42188b04
7732392871752,0xa51cD9bdde13005C73BF15Ce59421A850F5ab7AE
3914218550982,0xE7f82f5Aa64843B63967Cf9525CDc45b569927Ae
2512506715180,0xE7f82f5Aa64843B63967Cf9525CDc45b569927Ae
2405512721698,0xea167594c2B08405db82195A5b6d98ff3701d073
3367662950732,0xea167594c2B08405db82195A5b6d98ff3701d073
6024852363891,0xea167594c2B08405db82195A5b6d98ff3701d073
5883852706634,0xea167594c2B08405db82195A5b6d98ff3701d073
8772766980668,0x4b504458381816565F1aD4a4c0D2eaDDB01F67c3
1366385240625,0x4b504458381816565F1aD4a4c0D2eaDDB01F67c3
2386685033768,0x4b504458381816565F1aD4a4c0D2eaDDB01F67c3
7496862793244,0x4b504458381816565F1aD4a4c0D2eaDDB01F67c3
6735630923378,0xE5B072c5C6f03C17aCA8c8B23AF51F368670f96e
3503389141076,0xE5B072c5C6f03C17aCA8c8B23AF51F368670f96e
2965794988525,0xE5B072c5C6f03C17aCA8c8B23AF51F368670f96e
8533183308548,0xE5B072c5C6f03C17aCA8c8B23AF51F368670f96e
5249958060979,0xE5B072c5C6f03C17aCA8c8B23AF51F368670f96e
6384817219020,0xE5B072c5C6f03C17aCA8c8B23AF51F368670f96e
7367886645091,0x29f6c6ac7E5AB5CCBD62061068914847FE2D185f
3557858370730,0xe799DA6420236d057311ffE525D90bFe5EAf6f96
6983695409957,0x8F405440f483Ab21825059f92D2838Ee70B136a3
1692830072567,0x8F405440f483Ab21825059f92D2838Ee70B136a3
7309390706413,0x8F405440f483Ab21825059f92D2838Ee70B136a3
3130844260530,0x8F405440f483Ab21825059f92D2838Ee70B136a3
7111515359357,0x8F405440f483Ab21825059f92D2838Ee70B136a3
1770705086919,0x8F405440f483Ab21825059f92D2838Ee70B136a3
3369310354149,0x8d658E1947b90Cf6dAB988f4e9Ae19c2e788cCA5
5960274901193,0x8d658E1947b90Cf6dAB988f4e9Ae19c2e788cCA5
8369478835643,0xafB0B854A58E5Cfa534Ce6b64B659FbA23060c80
2049877041947,0x7F827dAA3772E4350A7099658805D641e7Af2c93
8442600868534,0x7F827dAA3772E4350A7099658805D641e7Af2c93
3464383741299,0x7F827dAA3772E4350A7099658805D641e7Af2c93
6947957076257,0x7F827dAA3772E4350A7099658805D641e7Af2c93
2942792055815,0x402fD1Deb10Dd81FdCCC2A9B3C3003Fe83B68092
2794279168488,0x906a3502dFe142c1f80427094684C16339a93193
2277421193001,0xf3370929d3B14Bafd74D3616174780D462EB1f18
7679833518603,0xf3370929d3B14Bafd74D3616174780D462EB1f18
6639788189821,0xf3370929d3B14Bafd74D3616174780D462EB1f18
4264963486466,0xBAbe5c8a05fe31A4CEf654228E9698F583b972F4
5087609508413,0xBAbe5c8a05fe31A4CEf654228E9698F583b972F4
7123540902340,0xBAbe5c8a05fe31A4CEf654228E9698F583b972F4
6680936368972,0xF1b065032218273FAC806A3dF30c3A8Ea6C4b8A4
6597569118050,0xF1b065032218273FAC806A3dF30c3A8Ea6C4b8A4
6656073484816,0xF1b065032218273FAC806A3dF30c3A8Ea6C4b8A4
5090531413288,0x42b7B4C057038822146f4a38754458961239215D
8827311104261,0xB9a662Cf255F14578aEe9F189b7889b34335fD17
5427034246068,0x89E7647ED5BcB47F86C0fb0cdFe005bf6DeD929D
8579308253932,0x89E7647ED5BcB47F86C0fb0cdFe005bf6DeD929D
1892760948013,0x5070543c374489a3d94a5dD384fFf09bfA478f47
3516809914080,0xafFF99502a4a023e75C1e47679D90D372D10c67c
5121055909395,0xafFF99502a4a023e75C1e47679D90D372D10c67c
5338989171276,0xafFF99502a4a023e75C1e47679D90D372D10c67c
1288738335633,0xC13d49A20340c8Ae68c1910C7c1F23C88c47e319
4931047433405,0xE71D382b6f2E75eA73c13153397f31013c849008
2081446689838,0x3301429552dB1fd60744D4f949776B3252dCBC75
9239232256235,0x3301429552dB1fd60744D4f949776B3252dCBC75
1988767799124,0x3301429552dB1fd60744D4f949776B3252dCBC75
2566727151847,0x3301429552dB1fd60744D4f949776B3252dCBC75
5463193723496,0x3301429552dB1fd60744D4f949776B3252dCBC75
9985968537730,0x3301429552dB1fd60744D4f949776B3252dCBC75
8233961707520,0x3301429552dB1fd60744D4f949776B3252dCBC75
5183640235220,0x3301429552dB1fd60744D4f949776B3252dCBC75
4028513626426,0x3301429552dB1fd60744D4f949776B3252dCBC75
5799933941277,0x3301429552dB1fd60744D4f949776B3252dCBC75
9448509124180,0xAf2a1e59FF6879Ee91c446F39cD3bEE500995048
4241573154403,0x799Ad67FCca09Dd7eE084D687F3c2eF0bC218A40
7026791481791,0xE2142A1D29256364fAb1a9B40d0Ae1737A0Af7cf
8011011443589,0xE2142A1D29256364fAb1a9B40d0Ae1737A0Af7cf
3482179897729,0xE2142A1D29256364fAb1a9B40d0Ae1737A0Af7cf
6437282429189,0x3e05F8441226ac4B2C5Bb879f4d151a9ACCC65dc
1427654930044,0xba322d20153b9aFCC8Fef760769daC8E70CcCB43
5237689227415,0xba322d20153b9aFCC8Fef760769daC8E70CcCB43
5188909630360,0xba322d20153b9aFCC8Fef760769daC8E70CcCB43
7632127254749,0x5104C2962550e4c5aF76C58991E0395F060aB6Ff
4506112702181,0x9B1F91c3046B6DA84aD1468f4251Ff2e3a69209c
6492730469273,0x9B1F91c3046B6DA84aD1468f4251Ff2e3a69209c
4236222316414,0x9B1F91c3046B6DA84aD1468f4251Ff2e3a69209c
9776661226231,0x9B1F91c3046B6DA84aD1468f4251Ff2e3a69209c
2830224776221,0x31cd86eda92D9e2338850e7536070A049185f0E6
5425507598833,0x746FB6B668B066674D58Ffd4cDD128FDB1dC6492
9876498750829,0xb93828700117606f123B352F4613C89af60B7490
5817827030670,0xb93828700117606f123B352F4613C89af60B7490
5449939628920,0xb93828700117606f123B352F4613C89af60B7490
3014019022802,0x961e9748ffeAc03761d214c5f0128ffe1af637aC
7795480722011,0x961e9748ffeAc03761d214c5f0128ffe1af637aC
8597152585313,0x961e9748ffeAc03761d214c5f0128ffe1af637aC
1312957275167,0x921d0b446589CC451B55d6565eDDA4c0f7109E54
2840267647048,0x830a57587b18Cb9AAFd241ec3F57f84a58d3A2f0
3538964159806,0x84b421F23ff57452Ee6B2380121BEDdeD8FFd37a
9503177079397,0x88471b07C87CeB7E89C968012FDd17cd3e497D55
8799950361458,0x9B1EDd1816a780601C5D3BC035F402492C40EbA3
5437879283432,0x758F286A307D2B1e7D797Ba8E5d2B1b4665Ebc06
3452453310632,0xb6B3140a17ad9Fe34882f4eb83eD9DB58463F7E2
6913492270719,0xdEeAbD0f34e61bAD3f6Ee14721D44a5ACF0eeeBb
1216437917748,0xdEeAbD0f34e61bAD3f6Ee14721D44a5ACF0eeeBb
8363338439689,0xdEeAbD0f34e61bAD3f6Ee14721D44a5ACF0eeeBb
6025381491370,0xbd599ed077764Def69C2B0Fb108317bc58A96bCC
2451526276241,0xbd599ed077764Def69C2B0Fb108317bc58A96bCC
9795373621127,0xbd599ed077764Def69C2B0Fb108317bc58A96bCC
4721422178307,0xbd599ed077764Def69C2B0Fb108317bc58A96bCC
2908321147020,0x49B1e5C6e3691243fDa9E6D3FC5215aD06a0E20E
5872851478912,0x7C9cFf3DF5532291bDFe569cB07ed55649996551
5881162276100,0x7C9cFf3DF5532291bDFe569cB07ed55649996551
8741541703942,0x7C9cFf3DF5532291bDFe569cB07ed55649996551
4021192084957,0x4dAdf9cf5c01349ee1e2d7C69D04BD70c232054d
3497998776702,0x4dAdf9cf5c01349ee1e2d7C69D04BD70c232054d
5391101997456,0x4dAdf9cf5c01349ee1e2d7C69D04BD70c232054d
5808754768062,0x1E206492B2241dC420BE1afb41d247Ed9b4b6110
7382256369038,0x10d4a53A5396F44f5E910129dE21b4F46984D4cc
4638331356034,0xfb6d389758ec15b5DCB728604C6bB6F1B3Db393f
8440689805272,0xFb6319C5aEcBFe85c95772bC4f60FD30bfBFfEaA
7514855328717,0xE4999cA39C7A9DD0E6C175400789079b17039ca3
9006466171208,0xBD91fC057406960Dfb06C166c9cb721b5afBC148
8410246580043,0xBD91fC057406960Dfb06C166c9cb721b5afBC148
3345034333748,0xBD91fC057406960Dfb06C166c9cb721b5afBC148
7517220805463,0xf37550C670fa511cCbBc3933b3Ed577f70c2DBe7
3369038573923,0x91619aCcd2b1cEaC08ce07B018ecA3eFf488B380
5119282864402,0x91619aCcd2b1cEaC08ce07B018ecA3eFf488B380
4540938251930,0x91619aCcd2b1cEaC08ce07B018ecA3eFf488B380
1605764927053,0x1500573DA2005ee7c5d9F316961598434B959EBC
5097472696926,0x1500573DA2005ee7c5d9F316961598434B959EBC
7508995253532,0x1500573DA2005ee7c5d9F316961598434B959EBC
3554008874723,0x5901898Be1e593F9ea926cbe61C552824cE22d78
7504817304883,0x5901898Be1e593F9ea926cbe61C552824cE22d78
9831878199522,0x5901898Be1e593F9ea926cbe61C552824cE22d78
6026049590770,0x3bA8b9b02Cf2Abf1Ef0B8b4A6c75F1b0eA2b3A87
2500430852385,0x3bA8b9b02Cf2Abf1Ef0B8b4A6c75F1b0eA2b3A87
2282926374073,0x3bA8b9b02Cf2Abf1Ef0B8b4A6c75F1b0eA2b3A87
9392621635036,0x2E36228777cce8058A9fD792972db27C6A7aC88E
1218300526759,0x2E36228777cce8058A9fD792972db27C6A7aC88E
9580287253745,0x2E36228777cce8058A9fD792972db27C6A7aC88E
1024531756120,0xBEf4F648c46F4ED9B2ac3e8b1B0a18d2884c38b1
3607543744525,0xBEf4F648c46F4ED9B2ac3e8b1B0a18d2884c38b1
4183715671986,0x86392ed730cbbcf65a9544a30c185fB5a9630D0c
1260430840494,0x86392ed730cbbcf65a9544a30c185fB5a9630D0c
4036033346824,0x86392ed730cbbcf65a9544a30c185fB5a9630D0c
3015443395682,0x86392ed730cbbcf65a9544a30c185fB5a9630D0c
4808883813602,0x9119339d16FDB67d613D131F0a7C39703de033B6
9817420734899,0x9119339d16FDB67d613D131F0a7C39703de033B6
5677834952244,0x9119339d16FDB67d613D131F0a7C39703de033B6
9953606205487,0x9119339d16FDB67d613D131F0a7C39703de033B6
5482581143777,0x666224E791D45CD25ccC136dbDC4ca910Fca248C
3363153884338,0x666224E791D45CD25ccC136dbDC4ca910Fca248C
3326484517359,0x666224E791D45CD25ccC136dbDC4ca910Fca248C
6076584689332,0x666224E791D45CD25ccC136dbDC4ca910Fca248C
5413502148320,0x666224E791D45CD25ccC136dbDC4ca910Fca248C
4592434801561,0xFE79c15c0b3aA2D4Db75011305d1D44097d2b32d
9639502282200,0x2d3547E0B06e16f15b51aD4Cc6eE2B2fc62021fa
8790499928977,0xa3A3cE734b8448d52707E0d19F74b2BE801DC8f5
1366791257321,0xa3A3cE734b8448d52707E0d19F74b2BE801DC8f5
8770672691400,0x545d5e96BDa22348c97e8b97F19B0B4cd82CE17c
3148469565151,0x545d5e96BDa22348c97e8b97F19B0B4cd82CE17c
8982062886669,0x71C312322Ec986d816F10917f528305f92BFEb41
7060865402924,0x46f417a2c738ED3430014d5974eEfe0D469BCc27
5781788705369,0x46f417a2c738ED3430014d5974eEfe0D469BCc27
1343928331840,0x46f417a2c738ED3430014d5974eEfe0D469BCc27
5847419527226,0x46f417a2c738ED3430014d5974eEfe0D469BCc27
5394142624131,0xAEe30aA1F23dF2C340D24D7D6664d69ED5618968
7610120823329,0xAEe30aA1F23dF2C340D24D7D6664d69ED5618968
6793770871626,0xAEe30aA1F23dF2C340D24D7D6664d69ED5618968
7189895286211,0xeE974f070728A516e3Ef98d53d183BE828964745
3368839791694,0xeE974f070728A516e3Ef98d53d183BE828964745
8339023829998,0xd538bBB57513AEF85f455d906951F55fCD8d1E3A
3351114515091,0xd538bBB57513AEF85f455d906951F55fCD8d1E3A
3813732332214,0x7A79D63aFc9D0B3cF7b098883032fd6464a61d14
8500358234480,0xA11f59e508314CbEd9f27A263aF484A89305c69B
6850019403814,0xCc4D9b449E15018f6Cf4CDfE0858545FE6718DE7
6310952523317,0xCc4D9b449E15018f6Cf4CDfE0858545FE6718DE7
3079356860489,0xCc4D9b449E15018f6Cf4CDfE0858545FE6718DE7
1458108301179,0xCc4D9b449E15018f6Cf4CDfE0858545FE6718DE7
1473229582245,0xCc4D9b449E15018f6Cf4CDfE0858545FE6718DE7
1666874287976,0xCc4D9b449E15018f6Cf4CDfE0858545FE6718DE7
1613463294266,0xCc4D9b449E15018f6Cf4CDfE0858545FE6718DE7
1909822801989,0xCc4D9b449E15018f6Cf4CDfE0858545FE6718DE7
2100585094594,0xCc4D9b449E15018f6Cf4CDfE0858545FE6718DE7
3980051993649,0xCc4D9b449E15018f6Cf4CDfE0858545FE6718DE7
4103196234583,0xCc4D9b449E15018f6Cf4CDfE0858545FE6718DE7
8254161615064,0xCc4D9b449E15018f6Cf4CDfE0858545FE6718DE7
3953717572818,0xCc4D9b449E15018f6Cf4CDfE0858545FE6718DE7
2439657970138,0x6Ca9D2a8F342340EDC79e1571Dc156712E4f7Ce8
6465580788264,0x125D8b8A3dd2C05B0AAec471C43bddF80eE8aF2C
8609040713350,0xFe58aa0677e96B784d940fEBE1719a4D00f2565C
1594370676534,0x26C837f469B3CC7ae745E653e338134CfAc2c061
4571130825887,0x26C837f469B3CC7ae745E653e338134CfAc2c061
1295904303478,0x26C837f469B3CC7ae745E653e338134CfAc2c061
5070523381059,0x8D22131ff2e00d3f34AB3383086F6f5137d9813e
1616682195787,0x8D22131ff2e00d3f34AB3383086F6f5137d9813e
4587719302428,0x8D22131ff2e00d3f34AB3383086F6f5137d9813e
2298337898317,0x8D22131ff2e00d3f34AB3383086F6f5137d9813e
4169820500141,0x8D22131ff2e00d3f34AB3383086F6f5137d9813e
1045730818677,0xd61fc058C1E7A7A3bc96f2F8baad4255832E63bb
8473358409356,0xd61fc058C1E7A7A3bc96f2F8baad4255832E63bb
7901686643904,0xd61fc058C1E7A7A3bc96f2F8baad4255832E63bb
8767882203218,0x74d9B1F2333A8A05E3efa59C4A792FbeDDefA391
3658024430738,0x4807D1Cef14F13c72F7709258bc1Fd3060820F2B
3675851753298,0x0cf502Ee345C7dce1e5Ce848D8BbeBd9EF8d87B9
7738413643597,0x0cf502Ee345C7dce1e5Ce848D8BbeBd9EF8d87B9
9568866851894,0x39B8Aa218DdB49789BFA0A662D10846bD1D04dBb
9465538363679,0x39B8Aa218DdB49789BFA0A662D10846bD1D04dBb
4281228936327,0x3C1FB24E03FCBC5C4271a9a9D2bBBE3dE5eD8456
6286151714269,0x3C1FB24E03FCBC5C4271a9a9D2bBBE3dE5eD8456
7166848425966,0x3C1FB24E03FCBC5C4271a9a9D2bBBE3dE5eD8456
5421634805819,0x249CC561E22E763CE977E12ad8B9b8931b695b81
9279900906889,0x249CC561E22E763CE977E12ad8B9b8931b695b81
7659396756116,0x249CC561E22E763CE977E12ad8B9b8931b695b81
9747060293902,0xa682FeEF0EB67b0bD85A07DDd89363817bC44F35
8851852599237,0x51bCe238e57C5A760ea0e4eF260DAc6Adf67a49E
4624339398970,0x51bCe238e57C5A760ea0e4eF260DAc6Adf67a49E
6342625468379,0xBE1E2F0a9eb751d5cB2dcDB850aee9623F3aAc03
6413248140160,0xBE1E2F0a9eb751d5cB2dcDB850aee9623F3aAc03
1601649982841,0xBE1E2F0a9eb751d5cB2dcDB850aee9623F3aAc03
3328794640416,0xBE1E2F0a9eb751d5cB2dcDB850aee9623F3aAc03
9337048997092,0x58dcFDe75729d3a3FFa7b06EB0274647c21fed7B
6082190222031,0x58dcFDe75729d3a3FFa7b06EB0274647c21fed7B
7970205833992,0x2c1462898b2faaae1b38598044eB643f3B5B295A
2083547362273,0x2c1462898b2faaae1b38598044eB643f3B5B295A
4392336675644,0x2c1462898b2faaae1b38598044eB643f3B5B295A
8370651033412,0x2c1462898b2faaae1b38598044eB643f3B5B295A
9345416712954,0x2c1462898b2faaae1b38598044eB643f3B5B295A
3645669512768,0x2c1462898b2faaae1b38598044eB643f3B5B295A
6233284381591,0x2c1462898b2faaae1b38598044eB643f3B5B295A
6066209420306,0x2c1462898b2faaae1b38598044eB643f3B5B295A
6035802343866,0x2c1462898b2faaae1b38598044eB643f3B5B295A
6194238314578,0x2c1462898b2faaae1b38598044eB643f3B5B295A
8884104426588,0x2c1462898b2faaae1b38598044eB643f3B5B295A
1722068715941,0x2c1462898b2faaae1b38598044eB643f3B5B295A
6401125543662,0x2c1462898b2faaae1b38598044eB643f3B5B295A
4076872432157,0x2c1462898b2faaae1b38598044eB643f3B5B295A
3496610545121,0x2c1462898b2faaae1b38598044eB643f3B5B295A
5479806151615,0x2c1462898b2faaae1b38598044eB643f3B5B295A
3162967685317,0x2c1462898b2faaae1b38598044eB643f3B5B295A
6343542546073,0x2c1462898b2faaae1b38598044eB643f3B5B295A
4648287412017,0x2c1462898b2faaae1b38598044eB643f3B5B295A
9241797954923,0x2c1462898b2faaae1b38598044eB643f3B5B295A
6846012490748,0x2c1462898b2faaae1b38598044eB643f3B5B295A
4303834099485,0x2c1462898b2faaae1b38598044eB643f3B5B295A
8243536156709,0x2c1462898b2faaae1b38598044eB643f3B5B295A
5849934425923,0x2c1462898b2faaae1b38598044eB643f3B5B295A
4100746934978,0x2c1462898b2faaae1b38598044eB643f3B5B295A
8200766098668,0x2c1462898b2faaae1b38598044eB643f3B5B295A
2579741248466,0x2c1462898b2faaae1b38598044eB643f3B5B295A
1309443368711,0x2c1462898b2faaae1b38598044eB643f3B5B295A
9251759113039,0x2c1462898b2faaae1b38598044eB643f3B5B295A
3091256542434,0x2c1462898b2faaae1b38598044eB643f3B5B295A
1336774788231,0x2c1462898b2faaae1b38598044eB643f3B5B295A
7583553532065,0x2c1462898b2faaae1b38598044eB643f3B5B295A
5358708238142,0x153ea95F737d123946d10f30C35B935D9D5c44Cd
7130691658877,0xde4A466F0F0C6a7C78d947DDAa3A1E2A77e103e6
6277719615546,0xde4A466F0F0C6a7C78d947DDAa3A1E2A77e103e6
2745140025543,0xde4A466F0F0C6a7C78d947DDAa3A1E2A77e103e6
9357366190155,0xde4A466F0F0C6a7C78d947DDAa3A1E2A77e103e6
8892724610203,0x663051Ac500Be986681B4d524Db5F6a178953c9D
8970850960466,0x663051Ac500Be986681B4d524Db5F6a178953c9D
1157619019419,0x663051Ac500Be986681B4d524Db5F6a178953c9D
7634213975758,0x123B2B3aAb26b7362F0ac97243135B05a6a61696
2221367650191,0x123B2B3aAb26b7362F0ac97243135B05a6a61696
1854385262825,0x123B2B3aAb26b7362F0ac97243135B05a6a61696
9302905250040,0xA7A1dFc679d5FaBc43ceC2d8D576F34C0a3E516e
2358411093543,0x610Be7c6701006BF0886571511b579B59F6Cd30A
1961358853955,0xA8506baf41E667125C1f7577D8d7b2212A83Ae37
9536886674508,0xA8506baf41E667125C1f7577D8d7b2212A83Ae37
5249130327281,0xA8506baf41E667125C1f7577D8d7b2212A83Ae37
2916183212184,0xE398B43C8030FCB4F716e4252507b5bfF8D263d6
2859523234970,0x9Aa5a73e89C2d308D77eaE39af2EB665ed924B6B
1847666398304,0x9Aa5a73e89C2d308D77eaE39af2EB665ed924B6B
6163697033184,0x9ef174d3c3612dD840623856B65023Ad8Ba40bCA
4864340023979,0x645bB74f3B8335bf1463DE553aBC343aa25Eecc7
6414703534658,0x645bB74f3B8335bf1463DE553aBC343aa25Eecc7
6724555255349,0x0342dC0857a597BD6Fcb022Ff5E47D269f5E9974
4346602898730,0x860e3bb3b3598C873b71BD2D310D80f2ef95a4E7
1241649736489,0x860e3bb3b3598C873b71BD2D310D80f2ef95a4E7
6134952516785,0x860e3bb3b3598C873b71BD2D310D80f2ef95a4E7
5749092372039,0x860e3bb3b3598C873b71BD2D310D80f2ef95a4E7
9797255715932,0xb35f76ADff5A4Ec069e3826ff37cD02760DDdB25
8653092623967,0x849278d4706Fc230a7550C74f9E0F7ea70522D19
8779740080838,0x98E63A9CC8A4D25a3F4F8E69Ca71A86D55Fb49dA
9538987803101,0x98E63A9CC8A4D25a3F4F8E69Ca71A86D55Fb49dA
3229739470082,0x98E63A9CC8A4D25a3F4F8E69Ca71A86D55Fb49dA
8855155816869,0x72E35D1d0521E3ea8fAB142FF96A0C0761fa5266
5927222901933,0xaA80C88c32BC664D53B558F3867E16698c2cecE2
8468236301190,0xD73e7C1261b3Bb4D575366296971f41063e3bccC
9572586200315,0x08b843CB4Eb7F54C88390e39576d81CD61704a6f
5119014454734,0x0f0cDdD174975279e242836b60a2B583ea029db2
6249011380192,0x0f0cDdD174975279e242836b60a2B583ea029db2
9651112751333,0xaa2B9988274105CD1A91B805aE85Eb514F130253
4167481712696,0x9BdA124eDEAc0b58cCDB4A5C849fc3d7a40be013
3712144448280,0x200E2aBf655A01958635bcd3F1EB35ADBaad29e2
2874361915788,0x200E2aBf655A01958635bcd3F1EB35ADBaad29e2
7015011729795,0x200E2aBf655A01958635bcd3F1EB35ADBaad29e2
5725047640606,0x2cE116D96aB4C414f5bFed1452f132689eAd9a48
6368823099256,0x22a0a0B5df98b317F5B38ACd82992436b2098996
8726954761090,0x84847c19C1Bdc5ED20B6b9AF6A4dB39C837e1e49
8190291655900,0x84847c19C1Bdc5ED20B6b9AF6A4dB39C837e1e49
9228751871289,0x84847c19C1Bdc5ED20B6b9AF6A4dB39C837e1e49
1979437051252,0x84847c19C1Bdc5ED20B6b9AF6A4dB39C837e1e49
7022250789740,0x84847c19C1Bdc5ED20B6b9AF6A4dB39C837e1e49
6899079370045,0x076c62853a98B1FC13d0111dbbeB082bC058b0eC
3669331554543,0x99ADA8CC683F40d70dc3ABBE68848ebbC619E10E
8946584021736,0x99ADA8CC683F40d70dc3ABBE68848ebbC619E10E
7796579313458,0x99ADA8CC683F40d70dc3ABBE68848ebbC619E10E
1716712201600,0x99ADA8CC683F40d70dc3ABBE68848ebbC619E10E
5589126948824,0xB2c314359054AC3e849621e716d77D6550173b6b
4146341198877,0xB2c314359054AC3e849621e716d77D6550173b6b
6844075426953,0x6545F372ed2c8ceA4C9971853b66D78859908F19
6540595233947,0x6545F372ed2c8ceA4C9971853b66D78859908F19
7608710515599,0x6545F372ed2c8ceA4C9971853b66D78859908F19
4511843907235,0x2c6842Cf7138f78ee47367E66Cb5012f2d5CD6B0
3961998405288,0x49c0B76Ea7812687026C058DcE66Ded301EAcC35
3805199823953,0x49c0B76Ea7812687026C058DcE66Ded301EAcC35
4634417198887,0x49c0B76Ea7812687026C058DcE66Ded301EAcC35
2635612942759,0x49c0B76Ea7812687026C058DcE66Ded301EAcC35
8147464040950,0xa6C3fe7b46EC8cFCDC439c0a2e5F69E945e6693F
2504429050773,0xa6C3fe7b46EC8cFCDC439c0a2e5F69E945e6693F
5831930441235,0xa6C3fe7b46EC8cFCDC439c0a2e5F69E945e6693F
4203966364464,0xa6C3fe7b46EC8cFCDC439c0a2e5F69E945e6693F
1216075898392,0xa6C3fe7b46EC8cFCDC439c0a2e5F69E945e6693F
5361582642651,0xa6C3fe7b46EC8cFCDC439c0a2e5F69E945e6693F
3818091551304,0xCa7a486E592a40605e08bBB9CcDa134Aba3051Ad
3604119713051,0xEDF7497C7d187E1033B262D97Fbe9CcF7B251ABF
3435766488836,0xEDF7497C7d187E1033B262D97Fbe9CcF7B251ABF
2904415595665,0xEDF7497C7d187E1033B262D97Fbe9CcF7B251ABF
9059833319054,0xEDF7497C7d187E1033B262D97Fbe9CcF7B251ABF
1490041720430,0xEDF7497C7d187E1033B262D97Fbe9CcF7B251ABF
4137548274425,0xEDF7497C7d187E1033B262D97Fbe9CcF7B251ABF
5368515320460,0xEDF7497C7d187E1033B262D97Fbe9CcF7B251ABF
6139772814589,0xEDF7497C7d187E1033B262D97Fbe9CcF7B251ABF
8891468039961,0xbF4D80E3216cc012A2D8B4c6E9178CdD764b00af
3321954217331,0xbF4D80E3216cc012A2D8B4c6E9178CdD764b00af
5850820662884,0xBbd90FF13bEeD155FEca94c0f5D108e6c0De9610
7154310187943,0xBbd90FF13bEeD155FEca94c0f5D108e6c0De9610
2514954528753,0x01Bb77173e322079e9fBB1f3803F194E8d904713
5175985426977,0x01Bb77173e322079e9fBB1f3803F194E8d904713
4675625920921,0xc85C994ABa1E1bf4F118886eC11C0e9b19Bb8ca1
6835107260651,0xb51110b8FE1a37ad89c421113c9E4b214e661527
8589938378821,0x3895a1c2a5b0864A856630e6Ed590a2b7b6aA60B
3045512255634,0x3895a1c2a5b0864A856630e6Ed590a2b7b6aA60B
3073353663729,0x0cbc7b5be496Cf78f159B7ab816c6888C3dF9b24
5579670341247,0x6faaaDB540f8EF5e2006a415A703B1569f667dA1
2926768629294,0x6faaaDB540f8EF5e2006a415A703B1569f667dA1
4593086528451,0x7234E9d29e83f6b9DBb7A4F74E1Af7d58FAf568F
6855057731740,0x6a76632bf05405Da223864CfD3E536C9E952d0a1
9373290433619,0x6a76632bf05405Da223864CfD3E536C9E952d0a1
6968879093031,0x6a76632bf05405Da223864CfD3E536C9E952d0a1
1106875000693,0x6a76632bf05405Da223864CfD3E536C9E952d0a1
2888599882480,0x06955C583970E58d34c6d2438f4d85Dd09e11E3F
4119604902303,0x06955C583970E58d34c6d2438f4d85Dd09e11E3F
4272432639648,0x06955C583970E58d34c6d2438f4d85Dd09e11E3F
3582210266522,0x2ED36F1F1C6d9Bad88D1411d9A4Dd64ce00bF8ea
1099634391938,0x2ED36F1F1C6d9Bad88D1411d9A4Dd64ce00bF8ea
1638153786007,0x690D0C4eeD7af85908637196299D7D20719eb5F9
4252684183963,0x690D0C4eeD7af85908637196299D7D20719eb5F9
2872981898141,0x690D0C4eeD7af85908637196299D7D20719eb5F9
3785591596174,0x690D0C4eeD7af85908637196299D7D20719eb5F9
1276724392393,0x8EDD78534853592D2A74210E753AEFb34b62965a
8302635878354,0x8EDD78534853592D2A74210E753AEFb34b62965a
9154704083570,0xAfCf7d0b4E3B75DbD86Ab1921b2271EAB52D6124
3148151945420,0x51A1B36b36A6427D5c72000a8FF1997600Ab6F54
9246774723090,0x79bC81A0cCEc029Ace34a2667e96Fb56FF819Da9
5000550950114,0xb8Bc8accDfC9bFfcEB2cfEA61Ecb8FB495A9e002
5944188074500,0xb8Bc8accDfC9bFfcEB2cfEA61Ecb8FB495A9e002
6674786738306,0xb8Bc8accDfC9bFfcEB2cfEA61Ecb8FB495A9e002
2547064816793,0xb8Bc8accDfC9bFfcEB2cfEA61Ecb8FB495A9e002
6420792463349,0x083bB2d7af74c55255f3857feC0aB6dd87d8f886
8524510091864,0xbc971AC4C62FdA3f5e560e012F1dfaECd39a7007
1357862666243,0xB3653d7C97E69245aDF029504fbCd7cab020C50a
6611790805824,0x61aDf1061B31792b5FE35D5973c18BBFB3937993
1501831893022,0x61aDf1061B31792b5FE35D5973c18BBFB3937993
9349097311327,0x61aDf1061B31792b5FE35D5973c18BBFB3937993
9513357072548,0x61aDf1061B31792b5FE35D5973c18BBFB3937993
5451906309535,0xDBcdfEd4AfeCF2Af4bfAEd9bF43F65DcC60D39dA
2213651680508,0x499DeA424168A9877Cb451972Cd9e9758d79aCe6
7089764686439,0xa84928b1f6d5D3866B91f2eb732722f6D8CA84c9
3326083703956,0x61F3A58D607a2fb93fE8e29d0A188fD4E97A2EfA
8348274651963,0x4C0D8600224806309d3B5DC4499F66FB1BABa33c
1196452214179,0x4C0D8600224806309d3B5DC4499F66FB1BABa33c
2051335601889,0x4C0D8600224806309d3B5DC4499F66FB1BABa33c
9478279672353,0x4C0D8600224806309d3B5DC4499F66FB1BABa33c
9595297942683,0x4C0D8600224806309d3B5DC4499F66FB1BABa33c
5701209198629,0xC0d245100bB162A0732E83a78Ac0c6db6895DDc1
5055485888089,0x1C6BE73bbc4a7edf2465e7bAE75D34467E9b27dc
3342090960079,0x1C6BE73bbc4a7edf2465e7bAE75D34467E9b27dc
6194071039198,0x34D5Cc64ed49217C3B426Dfc91F8a499077e55C1
3757849006777,0x34D5Cc64ed49217C3B426Dfc91F8a499077e55C1
2894940405770,0x5e53232b7ff04c848a4F1b04BBF28117a33266dc
6474016109467,0x993bd0b522799276B0AFde25800938cd25Ab7950
4069990567986,0xCa353FA07F4c3d7351216Ca64C6BeF4529c2d3Dc
1379025401082,0xCa353FA07F4c3d7351216Ca64C6BeF4529c2d3Dc
4684688051173,0xCa353FA07F4c3d7351216Ca64C6BeF4529c2d3Dc
7607661531643,0xCa353FA07F4c3d7351216Ca64C6BeF4529c2d3Dc
7170431628344,0x0b36A2f9c36c5D365905727566E6a32aB4806C84
8758539488079,0xF0c9949ae797E7894A6027fab2164D47C0B0AC91
5125661384498,0x6a6122AA64a0Cb3898Af00689f4781E278426dcD
2579115266891,0x6a6122AA64a0Cb3898Af00689f4781E278426dcD
5181815400328,0x6a6122AA64a0Cb3898Af00689f4781E278426dcD
9427061560034,0x6a6122AA64a0Cb3898Af00689f4781E278426dcD
5549072234059,0x6a6122AA64a0Cb3898Af00689f4781E278426dcD
2980031659198,0x6a6122AA64a0Cb3898Af00689f4781E278426dcD
3506557964717,0x974DfD166BE7eE15dE4642456561fF3F8B562CC4
6848662897567,0x0E801606B0fBDFdf53b6D38C0Cc448D2D51D300C
2095147205010,0x319b1A41dEC7cC4a263D2D2cE5C97e6193D83bDd
8962613174598,0x319b1A41dEC7cC4a263D2D2cE5C97e6193D83bDd
1749493945867,0x319b1A41dEC7cC4a263D2D2cE5C97e6193D83bDd
7102744299611,0x429af6177BEf93115F01f10AaCD982Deb1ec2085
9848602338785,0x429af6177BEf93115F01f10AaCD982Deb1ec2085
8951872616227,0x429af6177BEf93115F01f10AaCD982Deb1ec2085
9662425511225,0xD4Df8Ebc9d6624BDc6550A1C54DF17b9780B5413
2059372325022,0xD4Df8Ebc9d6624BDc6550A1C54DF17b9780B5413
7421601887156,0xD4Df8Ebc9d6624BDc6550A1C54DF17b9780B5413
7106568986635,0x4b0cBED60E3ae8044E71096d7c26776DB26cB152
5246202088051,0x4506e82AE464CDd46336CCFBe03445D565638a3e
2001705627511,0x3cDe10689330b842A8e4ecd0Bea8e09cEdaf27a2
8402916052347,0x8cd3211F544700525Bae0CDBca55B649849e84d8
7829157524130,0x653A833c2FE7abbB6ac0649724700Dcc41BaB04f
9337846650105,0x653A833c2FE7abbB6ac0649724700Dcc41BaB04f
9801147547703,0x653A833c2FE7abbB6ac0649724700Dcc41BaB04f
1787962887229,0x9dfDB1aD9F61e8Ae47b91A05d07CA89f6bc554A4
8304563258791,0x9dfDB1aD9F61e8Ae47b91A05d07CA89f6bc554A4
7591917848480,0x9dfDB1aD9F61e8Ae47b91A05d07CA89f6bc554A4
6419487506453,0x6b7273f93164a86fCCEbC336D79410c0ac95396E
7859057082654,0xc9B85DB33b3e3a79146F13b3b6BB38519a874d51
6619456753398,0xc9B85DB33b3e3a79146F13b3b6BB38519a874d51
3141270255292,0xc9B85DB33b3e3a79146F13b3b6BB38519a874d51
2745035027713,0xc9B85DB33b3e3a79146F13b3b6BB38519a874d51
2273731759505,0x78A10d5761B61a34a34ab2028Bc0D43161C1e816
4030956776759,0xaD87C965fB023EBB384aC35cD4a0BAff58A1B12d
6104684728376,0x532cd5B540EFe38A04612E344b4776B24892De9c
3128040502263,0x5D647Ad659B6415B711c54D0e9B91DD0e66Fe354
1165237645499,0x4aCDf4208Afc7A263fB12baF92Bf0C869f3bf3f4
6183970964364,0x4aCDf4208Afc7A263fB12baF92Bf0C869f3bf3f4
8695080537647,0x4aCDf4208Afc7A263fB12baF92Bf0C869f3bf3f4
3211536792900,0x5963eF7C436D71ae92D35596BF6fD36144b630eC
4645821423523,0x3C07CC2c0d3E2E99bE93d880411648AD14d342aa
1284453407273,0x3C07CC2c0d3E2E99bE93d880411648AD14d342aa
4178562487261,0x3C07CC2c0d3E2E99bE93d880411648AD14d342aa
1576568803852,0x3C07CC2c0d3E2E99bE93d880411648AD14d342aa
8037390588365,0xb44fAE209869Bd217b0b28247a885c0de2041c4e
1919273940867,0xA58D795eb8332aeDbeF452a8F98aF0638D5f4F89
7936187142179,0xBdcB8fc2E03c27dae4e7090d4a682aB4E073A606
2368160947131,0xBdcB8fc2E03c27dae4e7090d4a682aB4E073A606
5326535840122,0xBdcB8fc2E03c27dae4e7090d4a682aB4E073A606
5696364996607,0x822453e50DbD9EC42aC9EDF2Dccb4eB6aC1cB38d
7038328073119,0xA04135fdF1aa087a63BEc683B6262245DBfBe9EF
7166218704313,0xA04135fdF1aa087a63BEc683B6262245DBfBe9EF
8983541422072,0x6269ef5aC18B88a9aF5B4813db30007c3C9F2185
4270899647739,0x5595CAe51BF6570e24eE176A210B4d8295440837
7143503620324,0xC7214Bd402312e89f79a6676497cfe927D7FEB76
1426506831904,0xC7214Bd402312e89f79a6676497cfe927D7FEB76
8763978668290,0x8f5eC127aB46968757D3B9e78D157925459a7979
9474334237907,0x65Dd359A6d8c7A3cb06969F3B6601DE525014Fcb
4318776198732,0x0dB64661C41C96f8B666911bcb65cb6b6E75A0d2
1853737476225,0x0dB64661C41C96f8B666911bcb65cb6b6E75A0d2
8384731617825,0x0dB64661C41C96f8B666911bcb65cb6b6E75A0d2
2188471073557,0x0d21d992F63E8831d1ab1a39D0a5284C73A019E7
7650713032467,0x0d21d992F63E8831d1ab1a39D0a5284C73A019E7
8874463184893,0x0d21d992F63E8831d1ab1a39D0a5284C73A019E7
7813308997732,0x955313E8Fe2329194201d99A30FBF4bF4734EcD5
3915853379329,0x955313E8Fe2329194201d99A30FBF4bF4734EcD5
6331252399740,0x7Aba6D05228A8c3407687D19870C42f75cf1d0Df
1189992372441,0xc74Bc1c15BB8020f60412FfC8ED2dFC1741212FB
8618231842757,0xA2F1E2d2C0e23f1B3163B26F9a5901bFF13C2deE
9706800190472,0xA2F1E2d2C0e23f1B3163B26F9a5901bFF13C2deE
2655583245986,0xA2F1E2d2C0e23f1B3163B26F9a5901bFF13C2deE
4176739489524,0xA2F1E2d2C0e23f1B3163B26F9a5901bFF13C2deE
9911184343225,0xA2F1E2d2C0e23f1B3163B26F9a5901bFF13C2deE